{"cat_features": ["District", "Class", "Building", "BuildingType", "PropertyType", "PropertyCategory", "Apartments", "Finishing", "Status", "ApartmentOption", "Mortgage", "Subsidies", "Developer_encoded"], "district_map": {"\u0410\u043a\u0430\u0434\u0435\u043c\u0438\u0447\u0435\u0441\u043a\u0438\u0439 \u0440-\u043d": 1276187.708, "\u0410\u043b\u0435\u043a\u0441\u0435\u0435\u0432\u0441\u043a\u0438\u0439 \u0440-\u043d": 733000.0, "\u0410\u044d\u0440\u043e\u043f\u043e\u0440\u0442 \u0440-\u043d": 617650.0, "\u0411\u0430\u0441\u043c\u0430\u043d\u043d\u044b\u0439 \u0440-\u043d": 636482.6667, "\u0411\u0435\u0433\u043e\u0432\u043e\u0439 \u0440-\u043d": 1043900.0, "\u0411\u0438\u0440\u044e\u043b\u0451\u0432\u043e \u0412\u043e\u0441\u0442\u043e\u0447\u043d\u043e\u0435 \u0440-\u043d": 395934.9593, "\u0411\u043e\u0433\u043e\u0440\u043e\u0434\u0441\u043a\u043e\u0435 \u0440-\u043d": 508100.0, "\u0411\u0443\u0442\u044b\u0440\u0441\u043a\u0438\u0439 \u0440-\u043d": 578686.8678, "\u0412\u043d\u0443\u043a\u043e\u0432\u0441\u043a\u043e\u0435 \u043f\u043e\u0441.": 345805.4181, "\u0412\u043e\u0439\u043a\u043e\u0432\u0441\u043a\u0438\u0439 \u0440-\u043d": 519832.2851, "\u0412\u043e\u0441\u0442\u043e\u0447\u043d\u043e\u0435 \u0414\u0435\u0433\u0443\u043d\u0438\u043d\u043e \u0440-\u043d": 476700.8197, "\u0413\u043e\u043b\u043e\u0432\u0438\u043d\u0441\u043a\u0438\u0439 \u0440-\u043d": 483300.0, "\u0413\u043e\u043b\u044c\u044f\u043d\u043e\u0432\u043e \u0440-\u043d": 434450.0, "\u0414\u0430\u043d\u0438\u043b\u043e\u0432\u0441\u043a\u0438\u0439 \u0440-\u043d": 655121.5595, "\u0414\u0435\u0441\u0451\u043d\u043e\u0432\u0441\u043a\u043e\u0435 \u043f\u043e\u0441.": 336785.7143, "\u0414\u043e\u043d\u0441\u043a\u043e\u0439 \u0440-\u043d": 981700.0, "\u0414\u043e\u0440\u043e\u0433\u043e\u043c\u0438\u043b\u043e\u0432\u043e \u0440-\u043d": 1068576.5799, "\u0417\u0430\u043c\u043e\u0441\u043a\u0432\u043e\u0440\u0435\u0447\u044c\u0435 \u0440-\u043d": 752943.8392, "\u0417\u0430\u043f\u0430\u0434\u043d\u043e\u0435 \u0414\u0435\u0433\u0443\u043d\u0438\u043d\u043e \u0440-\u043d": 498411.9927, "\u0417\u0430\u043f\u0430\u0434\u043d\u044b\u0439 \u0440-\u043d": 461565.48745, "\u0417\u0435\u043b\u0435\u043d\u0433\u0440\u0430\u0434\u0441\u043a\u0438\u0439 \u0430.\u043e.": 355857.15995, "\u041a\u043e\u043d\u044c\u043a\u043e\u0432\u043e \u0440-\u043d": 624442.9917, "\u041a\u043e\u0441\u0438\u043d\u043e-\u0423\u0445\u0442\u043e\u043c\u0441\u043a\u0438\u0439 \u0440-\u043d": 289514.70725, "\u041a\u043e\u0442\u043b\u043e\u0432\u043a\u0430 \u0440-\u043d": 670700.0, "\u041a\u0440\u0430\u0441\u043d\u043e\u0441\u0435\u043b\u044c\u0441\u043a\u0438\u0439 \u0440-\u043d": 845000.0, "\u041a\u0440\u044e\u043a\u043e\u0432\u043e \u0440-\u043d": 321850.0, "\u041a\u0443\u043d\u0446\u0435\u0432\u043e \u0440-\u043d": 703143.33335, "\u041b\u0435\u0432\u043e\u0431\u0435\u0440\u0435\u0436\u043d\u044b\u0439 \u0440-\u043d": 612450.0, "\u041b\u0435\u0444\u043e\u0440\u0442\u043e\u0432\u043e \u0440-\u043d": 526500.0, "\u041b\u044e\u0431\u043b\u0438\u043d\u043e \u0440-\u043d": 407350.0, "\u041c\u041e \u0411\u0430\u043b\u0430\u0448\u0438\u0445\u0430 \u0433.\u043e.": 249000.0, "\u041c\u041e \u0414\u043c\u0438\u0442\u0440\u043e\u0432\u0441\u043a\u0438\u0439 \u0433.\u043e.": 199967.1937, "\u041c\u041e \u0414\u043e\u043b\u0433\u043e\u043f\u0440\u0443\u0434\u043d\u044b\u0439 \u0433.\u043e.": 325520.8377, "\u041c\u041e \u0414\u043e\u043c\u043e\u0434\u0435\u0434\u043e\u0432\u043e \u0433.\u043e.": 226000.0, "\u041c\u041e \u041a\u043e\u0440\u043e\u043b\u0451\u0432 \u0433.\u043e.": 190428.2116, "\u041c\u041e \u041a\u043e\u0442\u0435\u043b\u044c\u043d\u0438\u043a\u0438 \u0433.\u043e.": 271784.7619, "\u041c\u041e \u041a\u0440\u0430\u0441\u043d\u043e\u0433\u043e\u0440\u0441\u043a\u0438\u0439 \u0440-\u043d": 287441.605, "\u041c\u041e \u041b\u0435\u043d\u0438\u043d\u0441\u043a\u0438\u0439 \u0433.\u043e.": 282812.5, "\u041c\u041e \u041b\u0438\u0441\u0438\u043d\u043e-\u041f\u0435\u0442\u0440\u043e\u0432\u0441\u043a\u0438\u0439 \u0433.\u043e.": 120000.0, "\u041c\u041e \u041b\u044e\u0431\u0435\u0440\u0446\u044b \u0433.\u043e.": 291440.0, "\u041c\u041e \u041c\u044b\u0442\u0438\u0449\u0438 \u0433.\u043e.": 254000.0, "\u041c\u041e \u041d\u0430\u0440\u043e-\u0424\u043e\u043c\u0438\u043d\u0441\u043a\u0438\u0439 \u0433.\u043e.": 276500.0, "\u041c\u041e \u041e\u0434\u0438\u043d\u0446\u043e\u0432\u0441\u043a\u0438\u0439 \u0433.\u043e.": 263131.6726, "\u041c\u041e \u041f\u043e\u0434\u043e\u043b\u044c\u0441\u043a \u0433.\u043e.": 169000.0, "\u041c\u041e \u041f\u0443\u0448\u043a\u0438\u043d\u0441\u043a\u0438\u0439 \u0433.\u043e.": 225000.0, "\u041c\u041e \u0420\u0430\u043c\u0435\u043d\u0441\u043a\u0438\u0439 \u0433.\u043e.": 154210.0, "\u041c\u041e \u0420\u0435\u0443\u0442\u043e\u0432 \u0433.\u043e.": 293100.0, "\u041c\u041e \u0421\u0435\u0440\u0433\u0438\u0435\u0432\u043e-\u041f\u043e\u0441\u0430\u0434\u0441\u043a\u0438\u0439 \u0433.\u043e.": 143648.9515, "\u041c\u041e \u0425\u0438\u043c\u043a\u0438 \u0433.\u043e.": 290550.0, "\u041c\u041e \u0428\u0430\u0445\u043e\u0432\u0441\u043a\u0430\u044f \u0433.\u043e.": 161121.5024, "\u041c\u041e \u0429\u0451\u043b\u043a\u043e\u0432\u043e \u0433.\u043e.": 145000.0, "\u041c\u041e \u042d\u043b\u0435\u043a\u0442\u0440\u043e\u0441\u0442\u0430\u043b\u044c \u0433.\u043e.": 142497.44375, "\u041c\u0430\u0440\u0443\u0448\u043a\u0438\u043d\u0441\u043a\u043e\u0435 \u043f\u043e\u0441.": 313690.0, "\u041c\u0430\u0440\u0444\u0438\u043d\u043e \u0440-\u043d": 518500.0, "\u041c\u0430\u0440\u044c\u0438\u043d\u0430 \u0440\u043e\u0449\u0430 \u0440-\u043d": 635050.0, "\u041c\u0430\u0440\u044c\u0438\u043d\u043e \u0440-\u043d": 633978.05915, "\u041c\u0435\u0442\u0440\u043e\u0433\u043e\u0440\u043e\u0434\u043e\u043a \u0440-\u043d": 465811.9658, "\u041c\u0438\u0442\u0438\u043d\u043e \u0440-\u043d": 354400.0, "\u041c\u0438\u0442\u044c\u043a\u0438\u043d\u043e \u0434.": 257763.2069, "\u041c\u043e\u0436\u0430\u0439\u0441\u043a\u0438\u0439 \u0440-\u043d": 568500.0, "\u041c\u043e\u043b\u0436\u0430\u043d\u0438\u043d\u043e\u0432\u0441\u043a\u0438\u0439 \u0440-\u043d": 303500.0, "\u041c\u043e\u0441\u043a\u0432\u043e\u0440\u0435\u0447\u044c\u0435-\u0421\u0430\u0431\u0443\u0440\u043e\u0432\u043e \u0440-\u043d": 458050.0, "\u041c\u043e\u0441\u043a\u043e\u0432\u0441\u043a\u0438\u0439 \u043f\u043e\u0441.": 359100.0, "\u041c\u043e\u0441\u0440\u0435\u043d\u0442\u0433\u0435\u043d \u043f\u043e\u0441.": 427100.0, "\u041d\u0430\u0433\u0430\u0442\u0438\u043d\u043e-\u0421\u0430\u0434\u043e\u0432\u043d\u0438\u043a\u0438 \u0440-\u043d": 566722.6410000001, "\u041d\u0430\u0433\u0430\u0442\u0438\u043d\u0441\u043a\u0438\u0439 \u0417\u0430\u0442\u043e\u043d \u0440-\u043d": 367535.9591, "\u041d\u0430\u0433\u043e\u0440\u043d\u044b\u0439 \u0440-\u043d": 530400.0, "\u041d\u0438\u0436\u0435\u0433\u043e\u0440\u043e\u0434\u0441\u043a\u0438\u0439 \u0440-\u043d": 575333.3284, "\u041e\u0431\u0440\u0443\u0447\u0435\u0432\u0441\u043a\u0438\u0439 \u0440-\u043d": 600000.0, "\u041e\u0441\u0442\u0430\u043d\u043a\u0438\u043d\u0441\u043a\u0438\u0439 \u0440-\u043d": 508000.0, "\u041e\u0442\u0440\u0430\u0434\u043d\u043e\u0435 \u0440-\u043d": 495672.2853, "\u041e\u0447\u0430\u043a\u043e\u0432\u043e-\u041c\u0430\u0442\u0432\u0435\u0435\u0432\u0441\u043a\u043e\u0435 \u0440-\u043d": 609673.6916499999, "\u041f\u0435\u0440\u043e\u0432\u043e \u0440-\u043d": 406050.0, "\u041f\u0435\u0447\u0430\u0442\u043d\u0438\u043a\u0438 \u0440-\u043d": 592339.0649000001, "\u041f\u043e\u043a\u0440\u043e\u0432\u0441\u043a\u043e\u0435-\u0421\u0442\u0440\u0435\u0448\u043d\u0435\u0432\u043e \u0440-\u043d": 520137.5, "\u041f\u0440\u0435\u043e\u0431\u0440\u0430\u0436\u0435\u043d\u0441\u043a\u043e\u0435 \u0440-\u043d": 562000.0, "\u041f\u0440\u0435\u0441\u043d\u0435\u043d\u0441\u043a\u0438\u0439 \u0440-\u043d": 1132742.1916,